Ží—Þ,–¼Ì,ˆÜ“x,Œo“x,isStopover,down8pos,up8pos,Š‘®˜Hü1,Š‘®˜Hü2,Š‘®˜Hü3,‰wID,“Á‹},SƒgƒŒA,SƒgƒŒB,‰õ‘¬‹}s,’n‰º‰õ‹},‹}s,’Ê‹Î‹}s,‰õ‘¬,€‹},’Ê‹Î€‹},‹æŠÔ€‹},Še’â,ŽŽ‰^“],‰ñ‘—,‰ñ‘—A‰º,‰ñ‘—Aã,‰ñ‘—B‰º,‰ñ‘—Bã,‰ñ‘—C‰º,‰ñ‘—Cã,‰ñ‘—D‰º,‰ñ‘—Dã,‰ñ‘—E‰º,‰ñ‘—Eã,‰ñ‘—F‰º,‰ñ‘—Fã,‰ñ‘—G‰º,‰ñ‘—Gã,‰ñ‘—H‰º,‰ñ‘—Hã,‰ñ‘—I,‰ñ‘—J,—ÕŽžA,—ÕŽžB,—ÕŽžC,—ÕŽžD,—ÕŽžE,ˆÄ“à‹æŠÔ
‰w,’r‘Ü,35.72793429,139.7109226,1,,‰œ,’r‘Üü,,,S0100IK,1,1,1,1,1,1,1,1,1,1,1,1,1,1,1,1,1,1,1,1,1,1,1,1,1,1,1,1,1,1,1,1,1,1,1,1,1,’r‘Ü1
‰w,’Å–¼’¬,35.72654355,139.6944416,0,‰œ,Žè‘O,’r‘Üü,,,S0101SC,0,0,0,0,0,0,0,0,0,0,0,1,0,0,0,0,0,0,0,0,0,0,0,0,0,0,0,0,0,0,0,0,0,0,0,0,0,’r‘Ü1
‰w,“Œ’·è,35.73036854,139.682867,1,Žè‘O,’†‰›,’r‘Üü,,,S0102HI,0,0,0,0,0,0,0,0,0,0,0,1,0,0,0,0,0,0,0,0,0,0,1,0,1,1,1,1,1,0,1,0,0,1,1,0,0,’r‘Ü1
‰w,]ŒÃ“c,35.73767828,139.6724861,0,Žè‘O,‰œ,’r‘Üü,,,S0103EK,0,0,0,0,0,0,0,0,0,0,0,1,0,0,0,0,0,0,0,0,0,0,0,0,0,0,0,0,0,0,0,0,0,0,0,0,0,’r‘Ü1
‰w,÷‘ä,35.73876516,139.6622226,0,Žè‘O,‰œ,’r‘Üü,,,S0104SD,0,0,0,0,0,0,0,0,0,0,0,1,0,0,0,0,0,0,0,0,0,0,0,0,0,0,0,0,0,0,0,0,0,0,0,0,0,’r‘Ü1
‰w,—û”n,35.73787886,139.6540769,1,’†‰›,’†‰›,’r‘Üü,–L“‡ü,—LŠy’¬ü,S0105NE,0,1,1,0,1,0,0,1,1,1,1,1,0,0,0,0,0,0,0,0,0,0,0,0,0,0,0,0,0,0,0,0,0,0,0,0,0,’r‘Ü1|’r‘Ü2|—LŠy|–L“‡
‰w,’†‘º‹´,35.73682442,139.6376426,0,’†‰›,’†‰›,’r‘Üü,,,S0106NM,0,0,0,0,0,0,0,0,0,0,1,1,0,0,0,0,0,0,0,0,0,0,0,0,0,0,0,0,0,0,0,0,0,0,0,0,0,’r‘Ü2
‰w,•xŽmŒ©‘ä,35.73596202,139.6299916,0,Žè‘O,‰œ,’r‘Üü,,,S0107HU,0,0,0,0,0,0,0,0,0,0,1,1,0,0,0,0,0,0,0,0,0,0,0,0,0,0,0,0,0,0,0,0,0,0,0,0,0,’r‘Ü2
‰w,—û”n‚–ì‘ä,35.74066199,139.6168358,0,‰œ,Žè‘O,’r‘Üü,,,S0110HZ,0,0,0,0,0,0,0,0,0,0,1,1,0,0,0,0,0,0,0,0,0,0,0,0,0,0,0,0,0,0,0,0,0,0,0,0,0,’r‘Ü2
‰w,Î_ˆäŒö‰€,35.74389411,139.6059842,1,‰œ,‰œ,’r‘Üü,,,S0115SJ,0,1,1,1,1,1,1,1,1,0,1,1,0,0,0,0,0,1,1,1,0,0,0,1,0,1,0,0,0,0,0,0,0,0,0,0,0,’r‘Ü2
‰w,‘åòŠw‰€,35.7494449,139.5867792,0,‰œ,Žè‘O,’r‘Üü,,,S0116OE,0,0,0,0,0,0,1,0,1,1,1,1,0,0,0,0,0,0,0,0,0,0,0,0,0,0,0,0,0,0,0,0,0,0,0,0,0,’r‘Ü2
‰w,•Û’J,35.74833588,139.5678242,1,‰œ,Žè‘O,’r‘Üü,,,S0120HO,0,0,1,0,0,0,1,0,1,1,1,1,0,0,0,0,0,1,0,1,1,1,1,1,0,1,0,0,1,1,0,0,0,1,1,0,0,’r‘Ü2
‰w,‚Ð‚Î‚èƒ–‹u,35.75148699,139.5458668,1,’†‰›,’†‰›,’r‘Üü,,,S0121HB,0,0,0,1,1,1,0,1,1,1,1,1,0,0,0,1,0,0,0,0,0,1,0,1,0,0,1,0,1,1,0,0,0,0,0,0,0,’r‘Ü2
‰w,“Œ‹v—¯•Ä,35.76075038,139.5335846,0,Žè‘O,‰œ,’r‘Üü,,,S0122HR,0,0,0,0,0,0,1,1,1,1,1,1,0,0,0,0,0,0,0,0,0,0,0,0,0,0,0,0,0,0,0,0,0,0,0,0,0,’r‘Ü2
‰w,´£,35.77214065,139.519716,1,’†‰›,’†‰›,’r‘Üü,,,S0130KI,0,0,0,0,0,0,0,1,1,1,1,1,0,0,0,1,1,1,1,0,0,0,0,0,1,0,0,1,0,1,0,1,0,0,0,0,0,’r‘Ü2
‰w,H’Ã,35.77845479,139.496888,0,‰œ,’†‰›,’r‘Üü,,,S0131AK,0,0,0,0,0,0,0,1,1,1,1,1,0,0,0,0,0,0,0,0,0,0,0,0,0,0,0,0,0,0,0,0,0,0,0,0,0,’r‘Ü2
‰w,Š‘ò,35.78721033,139.4734483,1,’†‰›,’†‰›,’r‘Üü,Vhü,,S0440TZ,1,1,1,1,1,1,1,1,1,1,1,1,0,0,0,0,0,0,0,0,0,0,0,0,0,0,0,0,0,0,0,0,0,0,0,0,1,’r‘Ü2|’r‘Ü3
‰w,¼Š‘ò,35.78910401,139.4558643,1,Žè‘O,‰œ,’r‘Üü,‹·ŽRü,,S0145NT,0,0,1,0,0,1,1,1,1,1,1,1,0,0,0,0,0,0,0,0,0,1,0,0,0,0,0,0,0,1,0,1,0,0,0,0,0,’r‘Ü3|’r‘Ü4|‹·ŽR
‰w,¬ŽèŽw,35.80061367,139.4380053,1,‰œ,Žè‘O,’r‘Üü,,,S0150KS,0,0,1,1,1,1,1,1,1,1,1,1,0,0,0,0,0,0,0,0,0,0,0,0,0,0,0,0,0,0,0,0,0,0,0,0,0,’r‘Ü4
‰w,‹·ŽRƒ–‹u,35.81054607,139.4167463,1,Žè‘O,‰œ,’r‘Üü,,,S0151SG,0,0,0,0,0,1,1,1,1,1,1,1,0,0,0,0,1,0,0,0,0,0,0,0,0,0,0,1,0,0,0,0,0,0,0,0,0,’r‘Ü4
‰w,•‘ “¡‘ò,35.82118809,139.4125914,0,‰œ,‰œ,’r‘Üü,,,S0152MH,0,0,0,0,0,1,1,1,1,1,1,1,0,0,0,0,0,0,0,0,0,0,0,0,0,0,0,0,0,0,0,0,0,0,0,0,0,’r‘Ü4
‰w,ˆî‰×ŽRŒö‰€,35.84467029,139.3995398,0,‰œ,Žè‘O,’r‘Üü,,,S0153IN,0,0,0,0,0,1,1,1,1,1,1,1,0,0,0,0,0,0,0,0,0,0,0,0,0,0,0,0,0,0,0,0,0,0,0,0,1,’r‘Ü4
‰w,“üŠÔŽs,35.84298376,139.3902439,1,‰œ,Žè‘O,’r‘Üü,,,S0154IM,1,1,1,1,1,1,1,1,1,1,1,1,0,0,0,0,0,0,1,0,0,0,0,0,0,0,0,0,0,0,0,0,0,0,0,0,1,’r‘Ü4
‰w,•§Žq,35.83772296,139.3604421,1,‰œ,Žè‘O,’r‘Üü,,,S0155BU,0,0,0,0,0,1,1,1,1,1,1,1,0,0,1,0,0,0,0,1,1,0,0,0,1,0,0,0,0,0,0,0,0,1,0,0,0,’r‘Ü4
‰w,Œ³‰ÁŽ¡,35.84046845,139.3455665,0,‰œ,Žè‘O,’r‘Üü,,,S0156MJ,0,0,0,0,0,1,1,1,1,1,1,1,0,0,0,0,0,0,0,0,0,0,0,0,0,0,0,0,0,0,0,0,0,0,0,0,0,’r‘Ü4
‰w,”Ñ”\,35.85100073,139.3191472,1,Žè‘O,,’r‘Üü,,,S0160HA,1,1,1,1,1,1,1,1,1,1,1,1,1,1,1,1,1,1,1,1,1,1,1,1,1,1,1,1,1,1,1,1,1,1,1,1,1,’r‘Ü4|’r‘Ü5
‰w,“Œ”Ñ”\,35.85272537,139.3258178,0,,,’r‘Üü,,,S0161HA,0,0,0,1,1,1,1,1,1,1,1,1,0,0,0,0,0,0,0,0,0,0,0,0,0,0,0,0,0,0,0,0,0,0,0,0,0,’r‘Ü5
‰w,•‘ ‹u,35.86551869,139.3121457,1,,,’r‘Üü,,,,0,0,0,0,0,0,0,0,0,0,0,0,0,0,0,0,0,0,0,0,0,0,0,0,0,0,0,0,0,0,0,0,0,0,0,0,0,’r‘Ü5
‰w,‚—í,35.881752,139.304419,1,,,’r‘Üü,,,S0128HI,0,0,0,1,1,1,1,1,1,1,1,1,0,0,0,0,0,0,0,0,0,0,0,0,0,0,0,0,0,0,0,0,0,0,0,0,0,’r‘Ü5
‰w,•‘ ‰¡Žè,35.885398,139.280806,1,,,’r‘Üü,,,S0129HR,0,0,0,1,1,1,1,1,1,1,1,1,0,0,0,0,0,0,0,0,0,0,0,0,0,0,0,0,0,0,0,0,0,0,0,0,0,’r‘Ü5
‰w,“ŒŒá–ì,35.892087,139.260681,1,,,’r‘Üü,,,S0130KI,0,0,0,1,1,1,1,1,1,1,1,1,0,0,0,0,0,0,1,1,0,0,0,0,0,1,0,0,0,0,0,0,0,1,1,1,0,’r‘Ü5
‰w,Œá–ì,35.908485,139.226718,1,,,’r‘Üü,,,S0131AK,0,0,0,1,1,1,1,1,1,1,1,1,0,0,0,0,0,0,1,0,0,0,0,0,0,0,0,0,0,0,0,0,0,0,0,1,0,’r‘Ü5|’•ƒ1
‰w,¼Œá–ì,35.926393,139.202195,1,,,’r‘Üü,,,,0,0,0,1,1,1,1,1,1,1,1,1,0,0,0,0,0,0,0,0,0,0,0,0,0,0,0,0,0,0,0,0,0,0,0,0,0,’•ƒ1
‰w,³ŠÛ,35.938313,139.182099,1,,,’r‘Üü,,,S0132HO,0,0,0,1,1,1,1,1,1,1,1,1,0,0,0,0,0,0,0,0,0,0,0,0,0,0,0,0,0,0,0,0,0,0,0,0,0,’•ƒ1
‰w,³ŠÛƒgƒ“ƒlƒ‹,35.956,139.163833,1,,,’r‘Üü,,,,0,0,0,0,0,0,0,0,0,0,0,0,0,0,0,0,0,0,0,0,0,0,0,0,0,0,0,0,0,0,0,0,0,0,0,0,0,’•ƒ1
‰w,ˆ°ƒ–‹v•Û,35.976896,139.136884,1,,,’r‘Üü,,,S0133HS,0,0,0,1,1,1,1,1,1,1,1,1,0,0,0,0,0,0,0,0,0,0,0,0,0,0,0,0,0,0,0,0,0,0,0,0,0,’•ƒ1
‰w,‰¡£,35.985548,139.097818,1,,,’r‘Üü,,,S0134HI,1,0,0,1,1,1,1,1,1,1,1,1,0,0,0,0,0,0,0,0,0,0,0,0,0,0,0,0,0,0,0,0,0,0,0,0,0,’•ƒ1|’•ƒ2
‰w,¼•’•ƒ,35.989939,139.083473,1,,,’r‘Üü,,,S0135HS,1,1,1,1,1,1,1,1,1,1,1,1,1,1,1,1,1,1,1,1,1,1,1,1,1,1,1,1,1,1,1,1,1,1,1,1,1,’•ƒ2
‰w,–L“‡‰€,35.74179365,139.6479227,1,,,–L“‡ü,,,S0200TO,0,0,0,0,0,0,0,0,0,0,0,1,1,1,1,1,1,1,1,1,1,1,1,1,1,1,1,1,1,1,1,1,1,1,1,1,1,–L“‡
‰w,‰ºŽRŒû,35.77994587,139.4422726,1,‰œ,Žè‘O,‹·ŽRü,,,S0210SI,0,0,0,0,0,1,1,1,1,1,1,1,0,0,0,0,0,0,0,0,0,0,0,0,0,0,0,0,0,0,0,0,0,0,0,0,0,‹·ŽR
‰w,¼•‹…ê‘O,35.77136771,139.4202646,1,‰œ,,‹·ŽRü,ŽRŒûü,,S0215SK,1,1,1,1,1,1,1,1,1,1,1,1,1,1,1,1,1,1,1,1,1,1,1,1,1,1,1,1,1,1,1,1,1,1,1,1,1,‹·ŽR
‰w,¬’|ŒüŒ´,35.743803,139.678572,1,,’†‰›,—LŠy’¬ü,,,S0315KT,1,1,1,1,1,1,1,1,1,1,1,1,1,1,1,1,1,1,1,1,1,1,1,1,1,1,1,1,1,1,1,1,1,1,1,1,1,—LŠy
‰w,V÷‘ä,35.74077,139.6683,0,‰œ,Žè‘O,—LŠy’¬ü,,,S0320SR,0,0,0,0,0,1,1,1,1,1,1,1,0,0,0,0,0,0,0,0,0,0,0,0,0,0,0,0,0,0,0,0,0,0,0,0,0,—LŠy
‰w,”‹ŽR,,,,,,‘½–€ŒÎü,”q“‡ü,,S1427HN,,,,,,,,,,,,,,,,,,,,,,,,,,,,,,,,,,,,,,
‰w,”ªâ,,,,,,‘½–€ŒÎü,,,S1429YT,,,,,,,,,,,,,,,,,,,,,,,,,,,,,,,,,,,,,,
‰w,•‘ ‘å˜a,,,,,,‘½–€ŒÎü,,,S1430YK,,,,,,,,,,,,,,,,,,,,,,,,,,,,,,,,,,,,,,
‰w,‘½–€ŒÎ,,,,,,‘½–€ŒÎü,,,S1431HG,,,,,,,,,,,,,,,,,,,,,,,,,,,,,,,,,,,,,,
‰w,ˆê‹´Šw‰€,,,,,,‘½–€ŒÎü,,,S1426HN,,,,,,,,,,,,,,,,,,,,,,,,,,,,,,,,,,,,,,
‰w,Â”~ŠX“¹,,,,,,‘½–€ŒÎü,,,S1424KK,,,,,,,,,,,,,,,,,,,,,,,,,,,,,,,,,,,,,,
‰w,‘•ªŽ›,,,,,,‘½–€ŒÎü,‘•ªŽ›ü,,S1423KK,,,,,,,,,,,,,,,,,,,,,,,,,,,,,,,,,,,,,,
‰w,¼•Vh,,,,,,Vhü,,,S1400SS,,,,,,,,,,,,,,,,,,,,,,,,,,,,,,,,,,,,,,
‰w,‚“c”nê,,,,,,Vhü,,,S1401TM,,,,,,,,,,,,,,,,,,,,,,,,,,,,,,,,,,,,,,
‰w,‰º—Ž‡,,,,,,Vhü,,,S1402TS,,,,,,,,,,,,,,,,,,,,,,,,,,,,,,,,,,,,,,
‰w,’†ˆä,,,,,,Vhü,,,S1403NK,,,,,,,,,,,,,,,,,,,,,,,,,,,,,,,,,,,,,,
‰w,Vˆä–òŽt‘O,,,,,,Vhü,,,S1404AO,,,,,,,,,,,,,,,,,,,,,,,,,,,,,,,,,,,,,,
‰w,À‘Ü,,,,,,Vhü,,,S1405ND,,,,,,,,,,,,,,,,,,,,,,,,,,,,,,,,,,,,,,
‰w,–ì•û,,,,,,Vhü,,,S1406NT,,,,,,,,,,,,,,,,,,,,,,,,,,,,,,,,,,,,,,
‰w,“s—§‰Æ­,,,,,,Vhü,,,S1407GT,,,,,,,,,,,,,,,,,,,,,,,,,,,,,,,,,,,,,,
‰w,ëƒm‹{,,,,,,Vhü,,,S1408SG,,,,,,,,,,,,,,,,,,,,,,,,,,,,,,,,,,,,,,
‰w,‰ºˆä‘,,,,,,Vhü,,,S1409NM,,,,,,,,,,,,,,,,,,,,,,,,,,,,,,,,,,,,,,
‰w,ˆä‰¬,,,,,,Vhü,,,S1410IZ,,,,,,,,,,,,,,,,,,,,,,,,,,,,,,,,,,,,,,
‰w,ãˆä‘,,,,,,Vhü,,,S1411KJ,,,,,,,,,,,,,,,,,,,,,,,,,,,,,,,,,,,,,,
‰w,ãÎ_ˆä,,,,,,Vhü,,,S1412KM,,,,,,,,,,,,,,,,,,,,,,,,,,,,,,,,,,,,,,
‰w,•‘ ŠÖ,,,,,,Vhü,,,S1413MK,,,,,,,,,,,,,,,,,,,,,,,,,,,,,,,,,,,,,,
‰w,“Œ•šŒ©,,,,,,Vhü,,,S1414HD,,,,,,,,,,,,,,,,,,,,,,,,,,,,,,,,,,,,,,
‰w,¼•–ö‘ò,,,,,,Vhü,,,S1415NS,,,,,,,,,,,,,,,,,,,,,,,,,,,,,,,,,,,,,,
‰w,“c–³,,,,,,Vhü,,,S1416ZZ,,,,,,,,,,,,,,,,,,,,,,,,,,,,,,,,,,,,,,
‰w,‰Ô¬‹àˆä,,,,,,Vhü,,,S1417HA,,,,,,,,,,,,,,,,,,,,,,,,,,,,,,,,,,,,,,
‰w,¬•½,,,,,,Vhü,,,S1418KM,,,,,,,,,,,,,,,,,,,,,,,,,,,,,,,,,,,,,,
‰w,‹v•Äì,,,,,,Vhü,,,S1419HM,,,,,,,,,,,,,,,,,,,,,,,,,,,,,,,,,,,,,,
‰w,“Œ‘ºŽR,,,,,,Vhü,”q“‡ü,‘•ªŽ›ü,S1420HG,,,,,,,,,,,,,,,,,,,,,,,,,,,,,,,,,,,,,,
‰w,q‹óŒö‰€,,,,,,Vhü,,,S1422MS,,,,,,,,,,,,,,,,,,,,,,,,,,,,,,,,,,,,,,
‰w,VŠ‘ò,,,,,,Vhü,,,S1423ON,,,,,,,,,,,,,,,,,,,,,,,,,,,,,,,,,,,,,,
‰w,“ü‘],,,,,,Vhü,,,S1424KH,,,,,,,,,,,,,,,,,,,,,,,,,,,,,,,,,,,,,,
‰w,‹·ŽRŽs,,,,,,Vhü,,,S1425SR,,,,,,,,,,,,,,,,,,,,,,,,,,,,,,,,,,,,,,
‰w,V‹·ŽR,,,,,,Vhü,,,S1426TG,,,,,,,,,,,,,,,,,,,,,,,,,,,,,,,,,,,,,,
‰w,“ì‘å’Ë,,,,,,Vhü,,,S1427HK,,,,,,,,,,,,,,,,,,,,,,,,,,,,,,,,,,,,,,
‰w,–{ì‰z,,,,,,Vhü,,,S1428SN,,,,,,,,,,,,,,,,,,,,,,,,,,,,,,,,,,,,,,
‰w,¬ì,,,,,,”q“‡ü,‘•ªŽ›ü,,S1432KO,,,,,,,,,,,,,,,,,,,,,,,,,,,,,,,,,,,,,,
‰w,“Œ‘å˜aŽs,,,,,,”q“‡ü,,,S1433HG,,,,,,,,,,,,,,,,,,,,,,,,,,,,,,,,,,,,,,
‰w,‹Êìã…,,,,,,”q“‡ü,,,S1434HK,,,,,,,,,,,,,,,,,,,,,,,,,,,,,,,,,,,,,,
‰w,•‘ »ì,,,,,,”q“‡ü,,,S1435HM,,,,,,,,,,,,,,,,,,,,,,,,,,,,,,,,,,,,,,
‰w,¼•—§ì,,,,,,”q“‡ü,,,S1436HS,,,,,,,,,,,,,,,,,,,,,,,,,,,,,,,,,,,,,,
‰w,”q“‡,,,,,,”q“‡ü,,,S1437HJ,,,,,,,,,,,,,,,,,,,,,,,,,,,,,,,,,,,,,,
‰w,•‘ ‹«,,,,,,‘½–€ìü,,,S2800MS,,,,,,,,,,,,,,,,,,,,,,,,,,,,,,,,,,,,,,
‰w,V¬‹àˆä,,,,,,‘½–€ìü,,,S2801NS,,,,,,,,,,,,,,,,,,,,,,,,,,,,,,,,,,,,,,
‰w,‘½–,,,,,,‘½–€ìü,,,S2802TZ,,,,,,,,,,,,,,,,,,,,,,,,,,,,,,,,,,,,,,
‰w,”’Ž…‘ä,,,,,,‘½–€ìü,,,S2803NJ,,,,,,,,,,,,,,,,,,,,,,,,,,,,,,,,,,,,,,
‰w,‹£’øê‘O,,,,,,‘½–€ìü,,,S2804KK,,,,,,,,,,,,,,,,,,,,,,,,,,,,,,,,,,,,,,
‰w,¥­,,,,,,‘½–€ìü,,,S2805ST,,,,,,,,,,,,,,,,,,,,,,,,,,,,,,,,,,,,,,
‰w,—öƒ–ŒE,,,,,,‘•ªŽ›ü,,,S1438KG,,,,,,,,,,,,,,,,,,,,,,,,,,,,,,,,,,,,,,
‰w,‘é‚Ì‘ä,,,,,,‘•ªŽ›ü,,,S1439YG,,,,,,,,,,,,,,,,,,,,,,,,,,,,,,,,,,,,,,
‰w,—V‰€’n¼,,,,,,ŽRŒûü,,,S0441TT,,,,,,,,,,,,,,,,,,,,,,,,,,,,,,,,,,,,,,
‰w,¼•‰€‚ä‚¤‚¦‚ñ‚¿,,,,,,ŽRŒûü,,,S0442YM,,,,,,,,,,,,,,,,,,,,,,,,,,,,,,,,,,,,,,
